region,season,exposure,claims,actual,expected,OE,OE_filtered
7,summer,92.0,6,703482.0,307038.23256249184,2.291186977363868,2.291186977363868
13,summer,118.0,5,709682.0,436648.01470107294,1.625295377756028,1.625295377756028
24,shoulder,180.0,5,524069.0,226360.76700612064,2.315193604136487,2.315193604136487
39,summer,120.0,6,461888.0,381573.9117439731,1.2104810779357362,1.2104810779357362
54,summer,112.0,9,1193553.0,742521.4907021392,1.6074322628310176,1.6074322628310176
58,summer,88.0,7,876214.0,445675.72454360814,1.9660348359724602,1.9660348359724602
89,summer,146.0,5,526591.0,1154404.4971213872,0.45615813288418633,0.45615813288418633
97,summer,84.0,5,745953.0,269023.418356427,2.7728180860883005,2.7728180860883005
